{"statusCode": 200, "body": "{\"success\": true, \"timestamp\": \"2026-01-31T11:30:00.559926+00:00\", \"totalResources\": 108, \"results\": [{\"service\": \"ec2\", \"accountId\": \"964201074108\", \"resourceCount\": 26, \"regions\": [\"us-east-1\", \"us-east-2\", \"us-west-1\", \"us-west-2\", \"eu-west-1\", \"eu-west-2\", \"eu-west-3\", \"eu-central-1\", \"ap-southeast-1\", \"ap-southeast-2\", \"ap-northeast-1\", \"ap-northeast-2\", \"ap-south-1\", \"ca-central-1\", \"sa-east-1\"], \"errors\": []}, {\"service\": \"vpc\", \"accountId\": \"964201074108\", \"resourceCount\": 0, \"errors\": [\"No clients created for account 964201074108, service vpc\"]}, {\"service\": \"eks\", \"accountId\": \"964201074108\", \"resourceCount\": 0, \"regions\": [\"us-east-1\", \"us-east-2\", \"us-west-1\", \"us-west-2\", \"eu-west-1\", \"eu-west-2\", \"eu-west-3\", \"eu-central-1\", \"ap-southeast-1\", \"ap-southeast-2\", \"ap-northeast-1\", \"ap-northeast-2\", \"ap-south-1\", \"ca-central-1\", \"sa-east-1\"], \"errors\": []}, {\"service\": \"ecs\", \"accountId\": \"964201074108\", \"resourceCount\": 1, \"regions\": [\"us-east-1\", \"us-east-2\", \"us-west-1\", \"us-west-2\", \"eu-west-1\", \"eu-west-2\", \"eu-west-3\", \"eu-central-1\", \"ap-southeast-1\", \"ap-southeast-2\", \"ap-northeast-1\", \"ap-northeast-2\", \"ap-south-1\", \"ca-central-1\", \"sa-east-1\"], \"errors\": []}, {\"service\": \"s3\", \"accountId\": \"964201074108\", \"resourceCount\": 68, \"regions\": [\"us-east-1\", \"us-east-2\", \"us-west-1\", \"us-west-2\", \"eu-west-1\", \"eu-west-2\", \"eu-west-3\", \"eu-central-1\", \"ap-southeast-1\", \"ap-southeast-2\", \"ap-northeast-1\", \"ap-northeast-2\", \"ap-south-1\", \"ca-central-1\", \"sa-east-1\"], \"errors\": []}, {\"service\": \"rds\", \"accountId\": \"964201074108\", \"resourceCount\": 0, \"regions\": [\"us-east-1\", \"us-east-2\", \"us-west-1\", \"us-west-2\", \"eu-west-1\", \"eu-west-2\", \"eu-west-3\", \"eu-central-1\", \"ap-southeast-1\", \"ap-southeast-2\", \"ap-northeast-1\", \"ap-northeast-2\", \"ap-south-1\", \"ca-central-1\", \"sa-east-1\"], \"errors\": []}, {\"service\": \"dynamodb\", \"accountId\": \"964201074108\", \"resourceCount\": 13, \"regions\": [\"us-east-1\", \"us-east-2\", \"us-west-1\", \"us-west-2\", \"eu-west-1\", \"eu-west-2\", \"eu-west-3\", \"eu-central-1\", \"ap-southeast-1\", \"ap-southeast-2\", \"ap-northeast-1\", \"ap-northeast-2\", \"ap-south-1\", \"ca-central-1\", \"sa-east-1\"], \"errors\": []}, {\"service\": \"iam\", \"accountId\": \"964201074108\", \"resourceCount\": 0, \"regions\": [\"us-east-1\"], \"errors\": []}], \"errors\": [\"No clients created for account 964201074108, service vpc\"]}"}