{
    "Version": "2012-10-17",
    "Statement": [
        {
            "Effect": "Allow",
            "Action": "sts:AssumeRole",
            "Resource": [
                "arn:aws:iam::455737279564:role/InventoryReadRole",
                "arn:aws:iam::887627432664:role/InventoryReadRole",
                "arn:aws:iam::780781249373:role/InventoryReadRole",
                "arn:aws:iam::014402785795:role/InventoryReadRole",
                "arn:aws:iam::358027144360:role/InventoryReadRole",
                "arn:aws:iam::196690901583:role/InventoryReadRole"
            ]
        }
    ]
}